{
  "runs": [
    {
      "ts": "2026-03-26T14:40:05Z",
      "model": "gemini-2.5-flash",
      "in_tokens": 3516,
      "out_tokens": 7613,
      "cost_usd": 0.03755,
      "cost_ils": 0.137
    }
  ],
  "total_usd": 0.03755,
  "total_ils": 0.137
}